Sexe,Age,Couleur,Film,People
Homme,Senior,Bleu,Classiques Ancien,People Jeunes
Femme,Adulte,Bleu,Actions,People Jeunes
Femme,Jeune,Bleu,Classiques Ancien,People Jeunes
Homme,Adulte,Violet,Classiques Ancien,People Jeunes
Homme,Adulte,Vert,Classiques Ancien,People Jeunes
Homme,Adulte,Vert,Actions,People Jeunes
Femme,Senior,Noir,Actions,People Jeunes
Femme,Senior,Bleu,Classiques Ancien,People Anciens
Femme,Senior,Bleu,Horreur,People Anciens
Femme,Senior,Bleu,Classiques Ancien,Inconnus
Homme,Senior,Bleu,Classiques Ancien,People Jeunes
Femme,Senior,Rouge,Actions,People Anciens
Homme,Senior,Violet,Classiques Ancien,People Jeunes
Homme,Jeune,Violet,Horreur,People Jeunes
Homme,Adulte,Violet,Actions,People Jeunes
Homme,Adulte,Rouge,Horreur,People Anciens
Femme,Senior,Bleu,Classiques Ancien,People Anciens
Femme,Senior,Violet,Actions,People Anciens
Homme,Senior,Bleu,Actions,People Jeunes
Homme,Adulte,Bleu,Horreur,People Anciens
Femme,Adulte,Bleu,Actions,People Anciens
Femme,Adulte,Vert,Actions,People Anciens
Homme,Jeune,Violet,Actions,People Jeunes
Homme,Adulte,Vert,Horreur,People Anciens
Homme,Senior,Bleu,Dessins Animes,People Anciens
Homme,Senior,Bleu,Actions,People Anciens
Homme,Senior,Rouge,Classiques Ancien,People Anciens
Femme,Adulte,Vert,Dessins Animes,People Jeunes
Homme,Adulte,Vert,Actions,People Anciens
Femme,Senior,Vert,Classiques Ancien,People Anciens
Femme,Adulte,Violet,Actions,People Anciens
Homme,Adulte,Rouge,Actions,People Jeunes
Homme,Senior,Vert,Classiques Ancien,People Jeunes
Homme,Jeune,Violet,Dessins Animes,People Jeunes
Homme,Adulte,Bleu,Dessins Animes,People Anciens
Homme,Senior,Bleu,Dessins Animes,People Jeunes
Femme,Adulte,Rouge,Classiques Ancien,People Jeunes
Femme,Adulte,Bleu,Actions,Inconnus
Homme,Senior,Bleu,Actions,People Jeunes
Femme,Adulte,Rouge,Dessins Animes,People Jeunes
Homme,Senior,Vert,Actions,People Anciens
Homme,Senior,Bleu,Actions,People Jeunes
Homme,Senior,Violet,Actions,People Anciens
Homme,Senior,Violet,Classiques Ancien,People Anciens
Homme,Senior,Bleu,Classiques Ancien,People Anciens
Femme,Adulte,Bleu,Actions,People Jeunes
Femme,Senior,Vert,Actions,People Anciens
Homme,Senior,Bleu,Classiques Ancien,People Anciens
Femme,Adulte,Vert,Actions,Inconnus
Homme,Adulte,Violet,Actions,People Jeunes
Femme,Adulte,Bleu,Dessins Animes,People Jeunes
Femme,Adulte,Vert,Horreur,People Jeunes
Homme,Adulte,Vert,Dessins Animes,People Jeunes
Femme,Senior,Violet,Classiques Ancien,People Anciens
Femme,Senior,Vert,Classiques Ancien,People Anciens
Femme,Senior,Bleu,Classiques Ancien,People Anciens
Femme,Adulte,Bleu,Actions,People Anciens
Femme,Senior,Bleu,Actions,People Jeunes
Femme,Adulte,Bleu,Actions,People Anciens
Homme,Adulte,Bleu,Actions,People Jeunes
Homme,Senior,Bleu,Classiques Ancien,People Anciens
Homme,Adulte,Bleu,Dessins Animes,People Anciens
Homme,Senior,Vert,Actions,People Anciens
Homme,Jeune,Bleu,Actions,People Jeunes
Homme,Senior,Vert,Classiques Ancien,People Anciens
Homme,Adulte,Rouge,Actions,People Anciens
Homme,Adulte,Bleu,Classiques Ancien,People Anciens
Homme,Adulte,Vert,Classiques Ancien,People Jeunes
Homme,Jeune,Vert,Actions,People Jeunes
Femme,Adulte,Bleu,Horreur,People Anciens
Homme,Adulte,Bleu,Actions,People Anciens
Femme,Senior,Rouge,Actions,People Anciens
Femme,Adulte,Rouge,Actions,People Jeunes
Homme,Adulte,Bleu,Actions,People Anciens
Homme,Adulte,Bleu,Actions,People Jeunes
Femme,Adulte,Violet,Navets,People Jeunes
Homme,Adulte,Violet,Classiques Ancien,People Jeunes
Femme,Senior,Violet,Classiques Ancien,People Jeunes
Femme,Senior,Vert,Classiques Ancien,People Jeunes
Homme,Senior,Bleu,Actions,People Jeunes
Homme,Adulte,Rouge,Dessins Animes,People Jeunes
Femme,Senior,Violet,Actions,People Jeunes
Femme,Adulte,Rouge,Dessins Animes,People Anciens
Homme,Senior,Bleu,Classiques Ancien,People Anciens
Homme,Adulte,Violet,Classiques Ancien,People Anciens
Homme,Senior,Bleu,Actions,People Jeunes
Femme,Senior,Rouge,Dessins Animes,People Anciens
Femme,Senior,Vert,Classiques Ancien,People Anciens
Femme,Senior,Vert,Actions,People Anciens
Homme,Adulte,Violet,Actions,People Jeunes
Homme,Jeune,Vert,Actions,People Jeunes
Homme,Senior,Violet,Classiques Ancien,People Anciens
Homme,Adulte,Bleu,Actions,People Jeunes
Homme,Senior,Bleu,Dessins Animes,People Jeunes
Homme,Senior,Bleu,Actions,People Anciens
Femme,Jeune,Vert,Dessins Animes,People Anciens
Femme,Senior,Noir,Actions,People Jeunes
Femme,Senior,Violet,Actions,People Jeunes
Homme,Senior,Bleu,Dessins Animes,People Jeunes
Homme,Adulte,Vert,Actions,People Jeunes
Homme,Jeune,Bleu,Dessins Animes,People Jeunes
Femme,Adulte,Violet,Dessins Animes,People Jeunes
Homme,Senior,Bleu,Horreur,People Anciens
Homme,Adulte,Vert,Navets,People Anciens
Femme,Adulte,Bleu,Actions,Inconnus
Homme,Senior,Vert,Actions,People Anciens
Homme,Adulte,Vert,Classiques Ancien,People Anciens
Homme,Adulte,Bleu,Classiques Ancien,People Jeunes
Femme,Jeune,Bleu,Dessins Animes,People Jeunes
Homme,Senior,Rouge,Dessins Animes,People Anciens
Homme,Senior,Bleu,Classiques Ancien,People Anciens
Femme,Senior,Noir,Actions,People Jeunes
Femme,Adulte,Bleu,Classiques Ancien,People Jeunes
Femme,Adulte,Rouge,Dessins Animes,People Jeunes
Femme,Adulte,Violet,Actions,People Anciens
Femme,Senior,Vert,Dessins Animes,People Anciens
Femme,Senior,Vert,Classiques Ancien,People Jeunes
Femme,Adulte,Bleu,Classiques Ancien,People Jeunes
Homme,Senior,Violet,Classiques Ancien,People Anciens
Femme,Senior,Rouge,Actions,People Anciens
Homme,Senior,Vert,Actions,People Anciens
Homme,Jeune,Bleu,Dessins Animes,People Anciens
Femme,Adulte,Vert,Actions,People Jeunes
Homme,Jeune,Noir,Dessins Animes,People Jeunes
Femme,Adulte,Violet,Classiques Ancien,People Jeunes
Femme,Senior,Violet,Actions,People Anciens
Femme,Adulte,Bleu,Actions,People Anciens
Homme,Senior,Bleu,Classiques Ancien,People Jeunes
Homme,Senior,Bleu,Actions,People Jeunes
Homme,Senior,Bleu,Horreur,People Anciens
Femme,Jeune,Rouge,Actions,People Jeunes
Homme,Senior,Rouge,Classiques Ancien,People Jeunes
Homme,Jeune,Bleu,Actions,People Jeunes
Femme,Adulte,Violet,Actions,People Anciens
Homme,Senior,Vert,Classiques Ancien,People Jeunes
Femme,Senior,Noir,Actions,People Anciens
Femme,Adulte,Bleu,Actions,People Jeunes
Homme,Adulte,Vert,Classiques Ancien,People Anciens
Homme,Adulte,Violet,Dessins Animes,People Jeunes
Femme,Senior,Vert,Actions,People Anciens
Femme,Senior,Bleu,Dessins Animes,People Jeunes
Femme,Adulte,Bleu,Navets,People Anciens
Femme,Adulte,Bleu,Dessins Animes,People Anciens
Homme,Adulte,Rouge,Dessins Animes,People Anciens
Femme,Adulte,Rouge,Actions,People Jeunes
Femme,Adulte,Violet,Actions,Inconnus
Homme,Adulte,Bleu,Classiques Ancien,People Anciens
Femme,Adulte,Violet,Actions,People Anciens
Femme,Jeune,Rouge,Actions,People Jeunes
Homme,Senior,Noir,Classiques Ancien,People Anciens
Homme,Senior,Violet,Classiques Ancien,People Anciens
Femme,Senior,Noir,Dessins Animes,People Jeunes
Femme,Senior,Violet,Classiques Ancien,People Anciens
Homme,Senior,Bleu,Classiques Ancien,People Jeunes
Femme,Adulte,Rouge,Dessins Animes,People Jeunes
Homme,Jeune,Violet,Dessins Animes,People Jeunes
Femme,Adulte,Bleu,Actions,People Jeunes
Femme,Senior,Vert,Classiques Ancien,People Anciens
Homme,Adulte,Noir,Actions,People Anciens
Homme,Senior,Bleu,Horreur,People Jeunes
Homme,Adulte,Violet,Horreur,People Anciens
Homme,Senior,Rouge,Actions,People Anciens
Homme,Senior,Bleu,Classiques Ancien,People Anciens
Homme,Adulte,Bleu,Actions,People Anciens
Femme,Jeune,Noir,Actions,People Anciens
Femme,Senior,Noir,Classiques Ancien,People Anciens
Femme,Adulte,Violet,Classiques Ancien,People Jeunes
Homme,Senior,Bleu,Classiques Ancien,People Anciens
Homme,Adulte,Bleu,Classiques Ancien,People Jeunes
Homme,Senior,Noir,Dessins Animes,People Anciens
Femme,Adulte,Vert,Dessins Animes,People Jeunes
Femme,Senior,Rouge,Actions,People Jeunes
Femme,Jeune,Violet,Classiques Ancien,People Jeunes
Femme,Adulte,Bleu,Classiques Ancien,People Anciens
Femme,Senior,Violet,Actions,People Jeunes
Femme,Senior,Violet,Actions,People Jeunes
Femme,Adulte,Rouge,Actions,People Anciens
Homme,Adulte,Bleu,Actions,People Anciens
Homme,Adulte,Rouge,Actions,People Anciens
Femme,Senior,Bleu,Classiques Ancien,People Anciens
Homme,Senior,Violet,Classiques Ancien,People Jeunes
Homme,Adulte,Rouge,Horreur,People Anciens
Femme,Senior,Violet,Classiques Ancien,People Anciens
Femme,Senior,Violet,Classiques Ancien,People Anciens
Homme,Adulte,Bleu,Actions,People Jeunes
Homme,Senior,Bleu,Actions,People Anciens
Homme,Senior,Violet,Classiques Ancien,Inconnus
Femme,Senior,Vert,Classiques Ancien,People Anciens
Homme,Jeune,Bleu,Dessins Animes,People Anciens
Femme,Adulte,Rouge,Horreur,People Jeunes
Femme,Adulte,Bleu,Horreur,People Anciens
Homme,Senior,Vert,Actions,People Anciens
Femme,Senior,Bleu,Classiques Ancien,People Anciens
Femme,Senior,Rouge,Classiques Ancien,People Jeunes
Homme,Jeune,Bleu,Dessins Animes,Inconnus
Femme,Adulte,Bleu,Actions,People Anciens
Femme,Adulte,Rouge,Classiques Ancien,Inconnus
Femme,Jeune,Bleu,Navets,People Jeunes
Femme,Adulte,Violet,Actions,People Jeunes
Homme,Adulte,Noir,Dessins Animes,People Jeunes
Homme,Jeune,Bleu,Dessins Animes,People Jeunes
Homme,Senior,Vert,Actions,People Anciens
Homme,Adulte,Bleu,Dessins Animes,People Anciens
Homme,Adulte,Bleu,Actions,People Anciens
Femme,Senior,Bleu,Classiques Ancien,People Anciens
Femme,Adulte,Bleu,Actions,People Anciens
Femme,Jeune,Vert,Actions,People Jeunes
Homme,Adulte,Bleu,Dessins Animes,People Anciens
Femme,Senior,Bleu,Classiques Ancien,People Anciens
Femme,Adulte,Rouge,Dessins Animes,People Anciens
Femme,Adulte,Bleu,Actions,People Anciens
Homme,Senior,Violet,Classiques Ancien,People Anciens
Homme,Adulte,Vert,Dessins Animes,People Jeunes
Femme,Adulte,Vert,Dessins Animes,People Anciens
Femme,Senior,Vert,Classiques Ancien,People Anciens
Homme,Adulte,Violet,Horreur,People Anciens
Homme,Adulte,Bleu,Actions,People Anciens
Homme,Adulte,Bleu,Classiques Ancien,People Jeunes
Homme,Adulte,Bleu,Actions,People Anciens
Homme,Senior,Noir,Classiques Ancien,People Anciens
Homme,Adulte,Rouge,Actions,People Anciens
Homme,Adulte,Bleu,Actions,Inconnus
Femme,Senior,Bleu,Actions,People Anciens
Homme,Adulte,Bleu,Classiques Ancien,People Jeunes
Homme,Adulte,Vert,Actions,People Jeunes
Homme,Senior,Violet,Classiques Ancien,People Anciens
Femme,Senior,Bleu,Classiques Ancien,People Anciens
Homme,Adulte,Vert,Classiques Ancien,People Anciens
Homme,Adulte,Bleu,Actions,People Anciens
Homme,Senior,Vert,Actions,People Anciens
Homme,Senior,Bleu,Actions,People Jeunes
Femme,Adulte,Violet,Actions,People Jeunes
Homme,Senior,Bleu,Actions,People Anciens
Homme,Adulte,Bleu,Dessins Animes,People Jeunes
Femme,Adulte,Rouge,Actions,People Anciens
Homme,Senior,Bleu,Classiques Ancien,People Jeunes
Homme,Senior,Vert,Classiques Ancien,People Anciens
Homme,Senior,Vert,Classiques Ancien,People Anciens
Homme,Adulte,Bleu,Actions,People Anciens
Femme,Jeune,Violet,Actions,People Jeunes
Homme,Adulte,Bleu,Dessins Animes,People Jeunes
Homme,Senior,Bleu,Actions,People Anciens
Femme,Senior,Vert,Actions,People Anciens
Homme,Adulte,Vert,Actions,People Anciens
Homme,Adulte,Vert,Actions,People Anciens
Femme,Senior,Bleu,Classiques Ancien,People Jeunes
Femme,Senior,Vert,Dessins Animes,People Anciens
Homme,Senior,Violet,Classiques Ancien,People Anciens
Femme,Jeune,Violet,Horreur,People Anciens
Homme,Jeune,Violet,Classiques Ancien,People Jeunes
Femme,Adulte,Bleu,Dessins Animes,People Jeunes
Homme,Jeune,Violet,Actions,People Jeunes
Homme,Adulte,Bleu,Actions,People Anciens
Homme,Adulte,Vert,Actions,People Anciens
Homme,Senior,Vert,Actions,People Anciens
Femme,Jeune,Bleu,Actions,People Anciens
Femme,Adulte,Vert,Classiques Ancien,People Jeunes
Femme,Senior,Rouge,Dessins Animes,People Anciens
Femme,Adulte,Rouge,Actions,People Jeunes
Femme,Adulte,Violet,Dessins Animes,People Anciens
Homme,Adulte,Rouge,Dessins Animes,People Jeunes
Femme,Adulte,Noir,Classiques Ancien,People Jeunes
Femme,Senior,Violet,Classiques Ancien,People Anciens
Homme,Adulte,Vert,Actions,People Anciens
Homme,Adulte,Bleu,Actions,People Anciens
Femme,Jeune,Rouge,Classiques Ancien,People Jeunes
Homme,Senior,Bleu,Classiques Ancien,People Anciens
Homme,Adulte,Bleu,Classiques Ancien,People Jeunes
Femme,Senior,Rouge,Classiques Ancien,Inconnus
Homme,Adulte,Bleu,Actions,People Anciens
Femme,Adulte,Violet,Horreur,People Jeunes
Femme,Jeune,Vert,Dessins Animes,People Anciens
Homme,Adulte,Violet,Actions,People Jeunes
Femme,Adulte,Bleu,Navets,People Jeunes
Homme,Adulte,Bleu,Classiques Ancien,People Jeunes
Femme,Senior,Bleu,Horreur,People Jeunes
Femme,Senior,Noir,Actions,People Anciens
Femme,Senior,Rouge,Classiques Ancien,People Anciens
Homme,Senior,Rouge,Classiques Ancien,People Anciens
Homme,Senior,Vert,Classiques Ancien,People Anciens
Femme,Senior,Bleu,Navets,People Anciens
Femme,Adulte,Rouge,Classiques Ancien,People Anciens
Homme,Adulte,Bleu,Actions,People Anciens
Homme,Adulte,Bleu,Dessins Animes,People Anciens
Homme,Adulte,Bleu,Classiques Ancien,People Jeunes
Femme,Adulte,Bleu,Actions,People Jeunes
Homme,Jeune,Rouge,Classiques Ancien,People Anciens
Homme,Adulte,Vert,Horreur,People Anciens
Homme,Senior,Vert,Classiques Ancien,People Jeunes
Homme,Jeune,Bleu,Classiques Ancien,People Jeunes
Homme,Adulte,Noir,Actions,People Jeunes
Homme,Jeune,Bleu,Classiques Ancien,People Jeunes
Homme,Adulte,Vert,Actions,People Anciens
Homme,Jeune,Rouge,Actions,People Anciens
Femme,Adulte,Violet,Horreur,People Anciens
Femme,Adulte,Noir,Dessins Animes,People Jeunes
Homme,Senior,Vert,Classiques Ancien,People Anciens
Homme,Senior,Bleu,Classiques Ancien,People Anciens
Femme,Jeune,Noir,Actions,People Anciens
Femme,Adulte,Bleu,Dessins Animes,People Anciens
Femme,Senior,Noir,Actions,People Jeunes
Femme,Adulte,Rouge,Horreur,People Jeunes
Homme,Adulte,Rouge,Classiques Ancien,People Jeunes
Femme,Jeune,Violet,Actions,People Anciens
Femme,Adulte,Bleu,Classiques Ancien,People Anciens
Femme,Senior,Rouge,Classiques Ancien,People Jeunes
Femme,Adulte,Bleu,Actions,People Anciens
Homme,Adulte,Noir,Classiques Ancien,People Anciens
Femme,Senior,Violet,Classiques Ancien,People Anciens
Homme,Senior,Bleu,Classiques Ancien,People Anciens
Femme,Senior,Violet,Actions,People Anciens
Femme,Adulte,Vert,Dessins Animes,People Anciens
Homme,Senior,Vert,Dessins Animes,Inconnus
Homme,Jeune,Violet,Actions,People Anciens
Homme,Adulte,Bleu,Dessins Animes,People Jeunes
Homme,Adulte,Violet,Classiques Ancien,People Jeunes
Femme,Adulte,Violet,Dessins Animes,People Jeunes
Homme,Jeune,Vert,Actions,People Jeunes
Homme,Jeune,Vert,Navets,People Jeunes
Femme,Senior,Bleu,Classiques Ancien,People Jeunes
Homme,Adulte,Bleu,Actions,People Jeunes
Femme,Adulte,Rouge,Actions,People Anciens
Femme,Adulte,Noir,Actions,People Anciens
Femme,Senior,Bleu,Classiques Ancien,People Jeunes
Homme,Jeune,Bleu,Dessins Animes,People Anciens
Homme,Adulte,Bleu,Classiques Ancien,People Jeunes
Homme,Adulte,Vert,Dessins Animes,People Jeunes
Homme,Senior,Bleu,Classiques Ancien,People Anciens
Femme,Adulte,Noir,Actions,People Jeunes
Femme,Adulte,Bleu,Classiques Ancien,People Anciens
Femme,Adulte,Rouge,Actions,People Jeunes
Homme,Adulte,Noir,Actions,People Anciens
Femme,Adulte,Bleu,Actions,People Anciens
Femme,Senior,Vert,Classiques Ancien,People Jeunes
Femme,Adulte,Vert,Classiques Ancien,People Anciens
Homme,Jeune,Bleu,Dessins Animes,People Anciens
Femme,Adulte,Violet,Dessins Animes,People Anciens
Femme,Adulte,Vert,Actions,People Jeunes
Homme,Senior,Bleu,Actions,People Jeunes
Homme,Adulte,Bleu,Horreur,People Jeunes
Homme,Senior,Vert,Actions,People Anciens
Femme,Adulte,Bleu,Actions,People Anciens
Homme,Adulte,Vert,Actions,People Anciens
Homme,Jeune,Bleu,Classiques Ancien,People Jeunes
Homme,Adulte,Bleu,Actions,People Anciens
Femme,Jeune,Bleu,Actions,People Jeunes
Homme,Jeune,Bleu,Actions,People Anciens
Homme,Adulte,Noir,Classiques Ancien,People Jeunes
Femme,Adulte,Vert,Classiques Ancien,People Anciens
Homme,Senior,Violet,Dessins Animes,People Anciens
Homme,Adulte,Violet,Classiques Ancien,People Jeunes
Femme,Senior,Bleu,Classiques Ancien,People Anciens
Femme,Adulte,Violet,Actions,People Anciens
Femme,Adulte,Vert,Actions,People Jeunes
Femme,Adulte,Bleu,Navets,People Jeunes
Homme,Adulte,Violet,Classiques Ancien,People Anciens
Femme,Jeune,Bleu,Actions,People Jeunes
Femme,Adulte,Bleu,Dessins Animes,People Anciens
Homme,Senior,Rouge,Actions,People Anciens
Femme,Senior,Violet,Actions,People Jeunes
Homme,Adulte,Noir,Actions,People Jeunes
Femme,Adulte,Violet,Actions,People Anciens
Femme,Senior,Bleu,Classiques Ancien,People Jeunes
Femme,Adulte,Bleu,Actions,People Anciens
Femme,Senior,Violet,Actions,People Anciens
Homme,Jeune,Bleu,Actions,Inconnus
Femme,Jeune,Violet,Dessins Animes,People Anciens
Femme,Adulte,Rouge,Actions,People Jeunes
Homme,Adulte,Violet,Actions,People Anciens
Homme,Senior,Vert,Classiques Ancien,People Anciens
Femme,Adulte,Vert,Horreur,People Anciens
Femme,Senior,Noir,Actions,People Anciens
Homme,Adulte,Bleu,Classiques Ancien,People Anciens
Homme,Adulte,Violet,Horreur,People Anciens
Homme,Adulte,Bleu,Classiques Ancien,People Anciens
Femme,Senior,Rouge,Classiques Ancien,People Jeunes
Homme,Senior,Bleu,Classiques Ancien,People Jeunes
Femme,Senior,Rouge,Classiques Ancien,People Anciens
Femme,Senior,Vert,Dessins Animes,People Jeunes
Femme,Adulte,Violet,Actions,People Jeunes
Homme,Senior,Bleu,Classiques Ancien,People Anciens
Homme,Jeune,Vert,Actions,People Jeunes
Femme,Senior,Bleu,Classiques Ancien,People Anciens
Homme,Adulte,Vert,Dessins Animes,People Anciens
Femme,Adulte,Bleu,Actions,People Jeunes
Femme,Adulte,Bleu,Classiques Ancien,People Jeunes
Femme,Adulte,Bleu,Dessins Animes,People Anciens
Homme,Adulte,Violet,Actions,People Anciens
Homme,Adulte,Violet,Dessins Animes,People Jeunes
Homme,Senior,Violet,Actions,Inconnus
Femme,Senior,Bleu,Classiques Ancien,People Jeunes
Femme,Adulte,Vert,Actions,People Anciens
Femme,Senior,Violet,Actions,People Anciens
Homme,Adulte,Rouge,Actions,People Jeunes
Femme,Adulte,Bleu,Horreur,People Jeunes
Homme,Adulte,Noir,Actions,People Anciens
Femme,Jeune,Rouge,Dessins Animes,People Jeunes
Femme,Senior,Bleu,Classiques Ancien,People Anciens
Homme,Adulte,Bleu,Horreur,People Jeunes
Homme,Senior,Vert,Actions,People Jeunes
Femme,Senior,Bleu,Classiques Ancien,People Jeunes
Femme,Adulte,Noir,Dessins Animes,People Jeunes
Femme,Senior,Bleu,Actions,Inconnus
Homme,Senior,Vert,Classiques Ancien,People Anciens
Femme,Senior,Vert,Classiques Ancien,People Anciens
Homme,Jeune,Violet,Actions,People Jeunes
Homme,Adulte,Bleu,Dessins Animes,People Jeunes
Homme,Adulte,Noir,Dessins Animes,People Jeunes
Femme,Senior,Bleu,Actions,People Jeunes
Homme,Adulte,Bleu,Actions,People Anciens
Homme,Senior,Noir,Horreur,People Anciens
Femme,Adulte,Rouge,Classiques Ancien,People Jeunes
Homme,Senior,Bleu,Classiques Ancien,Inconnus
Homme,Senior,Bleu,Actions,People Anciens
Femme,Senior,Bleu,Actions,People Anciens
Homme,Senior,Noir,Actions,People Jeunes
Homme,Adulte,Vert,Classiques Ancien,People Jeunes
Femme,Adulte,Rouge,Actions,Inconnus
Homme,Adulte,Vert,Dessins Animes,People Anciens
Homme,Senior,Violet,Actions,People Anciens
Homme,Adulte,Bleu,Classiques Ancien,People Anciens
Femme,Jeune,Violet,Actions,People Anciens
Homme,Senior,Violet,Classiques Ancien,People Anciens
Homme,Senior,Bleu,Classiques Ancien,People Jeunes
Homme,Adulte,Noir,Actions,People Anciens
Homme,Adulte,Violet,Dessins Animes,People Anciens
Femme,Senior,Violet,Classiques Ancien,People Jeunes
Homme,Adulte,Bleu,Actions,People Anciens
Femme,Adulte,Vert,Actions,People Anciens
Homme,Senior,Bleu,Classiques Ancien,People Anciens
Homme,Senior,Rouge,Dessins Animes,People Anciens
Homme,Senior,Violet,Classiques Ancien,People Anciens
Femme,Jeune,Violet,Actions,People Jeunes
Homme,Senior,Bleu,Actions,People Anciens
Homme,Adulte,Vert,Classiques Ancien,People Anciens
Homme,Adulte,Violet,Dessins Animes,People Jeunes
Femme,Adulte,Bleu,Actions,People Jeunes
Homme,Senior,Bleu,Actions,People Anciens
Femme,Senior,Bleu,Actions,People Anciens
Homme,Adulte,Vert,Horreur,People Jeunes
Homme,Jeune,Bleu,Dessins Animes,People Jeunes
Homme,Jeune,Vert,Actions,People Jeunes
Homme,Senior,Bleu,Actions,People Jeunes
Femme,Senior,Vert,Actions,People Anciens
Femme,Adulte,Rouge,Classiques Ancien,People Jeunes
Femme,Adulte,Bleu,Actions,People Jeunes
Femme,Jeune,Vert,Actions,People Jeunes
Femme,Adulte,Noir,Horreur,People Jeunes
Homme,Adulte,Bleu,Classiques Ancien,People Anciens
Femme,Adulte,Bleu,Dessins Animes,People Anciens
Femme,Adulte,Violet,Actions,People Jeunes
Homme,Adulte,Bleu,Actions,People Jeunes
Homme,Adulte,Bleu,Classiques Ancien,People Anciens
Homme,Adulte,Noir,Dessins Animes,People Anciens
Femme,Adulte,Violet,Classiques Ancien,People Anciens
Femme,Senior,Vert,Actions,People Anciens
Homme,Senior,Bleu,Classiques Ancien,People Jeunes
Homme,Adulte,Rouge,Actions,People Anciens
Homme,Senior,Violet,Actions,People Jeunes
Femme,Senior,Rouge,Actions,People Anciens
Homme,Adulte,Bleu,Classiques Ancien,People Anciens
Femme,Jeune,Bleu,Actions,People Jeunes
Homme,Jeune,Bleu,Dessins Animes,People Jeunes
Homme,Adulte,Bleu,Actions,People Jeunes
Homme,Senior,Bleu,Actions,People Anciens
Femme,Adulte,Bleu,Dessins Animes,People Jeunes
Femme,Senior,Bleu,Classiques Ancien,People Anciens
Femme,Senior,Vert,Dessins Animes,People Jeunes
Homme,Senior,Bleu,Actions,People Anciens
Homme,Senior,Bleu,Actions,People Anciens
Homme,Adulte,Bleu,Actions,People Anciens
Femme,Senior,Violet,Classiques Ancien,People Anciens
Homme,Jeune,Bleu,Dessins Animes,People Anciens
Femme,Jeune,Vert,Dessins Animes,People Anciens
Femme,Adulte,Violet,Actions,People Jeunes
Homme,Senior,Vert,Classiques Ancien,People Anciens
Femme,Adulte,Rouge,Classiques Ancien,People Jeunes
Homme,Adulte,Bleu,Actions,People Anciens
Homme,Senior,Violet,Classiques Ancien,People Jeunes
Homme,Senior,Bleu,Classiques Ancien,Inconnus
Femme,Senior,Violet,Actions,People Jeunes
Femme,Adulte,Bleu,Actions,People Anciens
Homme,Senior,Vert,Actions,People Jeunes
Homme,Adulte,Bleu,Classiques Ancien,People Anciens
Femme,Senior,Violet,Classiques Ancien,Inconnus
Femme,Adulte,Vert,Actions,People Jeunes
Femme,Adulte,Violet,Classiques Ancien,People Jeunes
Homme,Adulte,Violet,Actions,People Anciens
Homme,Adulte,Violet,Actions,People Jeunes
Homme,Senior,Vert,Classiques Ancien,People Anciens
Femme,Adulte,Violet,Actions,People Jeunes
Homme,Senior,Rouge,Classiques Ancien,People Anciens
Homme,Senior,Vert,Classiques Ancien,People Jeunes
Homme,Jeune,Vert,Dessins Animes,People Jeunes
Homme,Jeune,Noir,Actions,People Jeunes
Femme,Adulte,Bleu,Classiques Ancien,People Jeunes
Femme,Jeune,Bleu,Actions,People Jeunes
Femme,Adulte,Vert,Actions,People Jeunes
Homme,Senior,Bleu,Classiques Ancien,People Anciens
Femme,Adulte,Vert,Actions,People Jeunes
Homme,Jeune,Bleu,Actions,People Jeunes
Homme,Senior,Rouge,Classiques Ancien,People Anciens
Homme,Adulte,Bleu,Classiques Ancien,People Jeunes
Femme,Adulte,Violet,Dessins Animes,People Jeunes
Femme,Senior,Violet,Dessins Animes,Inconnus
Femme,Adulte,Bleu,Classiques Ancien,People Anciens
Homme,Adulte,Noir,Dessins Animes,People Anciens
Femme,Senior,Bleu,Classiques Ancien,People Jeunes
Homme,Adulte,Bleu,Actions,People Anciens
Femme,Senior,Rouge,Classiques Ancien,People Jeunes
Homme,Senior,Rouge,Actions,People Anciens
Homme,Jeune,Vert,Actions,People Anciens
Homme,Adulte,Bleu,Actions,People Jeunes
Homme,Adulte,Noir,Actions,People Jeunes
Homme,Senior,Vert,Actions,People Anciens
Homme,Senior,Bleu,Actions,People Anciens
Femme,Jeune,Bleu,Dessins Animes,People Anciens
Homme,Senior,Rouge,Classiques Ancien,People Jeunes
Femme,Adulte,Violet,Classiques Ancien,People Anciens
Femme,Senior,Bleu,Actions,People Jeunes
Homme,Senior,Vert,Classiques Ancien,People Anciens
Homme,Adulte,Vert,Actions,People Jeunes
Femme,Adulte,Violet,Dessins Animes,People Jeunes
Femme,Adulte,Violet,Dessins Animes,People Jeunes
Femme,Senior,Noir,Classiques Ancien,People Anciens
Femme,Jeune,Rouge,Dessins Animes,People Anciens
Femme,Jeune,Bleu,Actions,People Jeunes
Femme,Senior,Violet,Classiques Ancien,People Anciens
Homme,Adulte,Noir,Classiques Ancien,People Jeunes
Homme,Senior,Bleu,Classiques Ancien,People Jeunes
Femme,Senior,Bleu,Classiques Ancien,People Anciens
Femme,Jeune,Noir,Dessins Animes,People Anciens
Homme,Senior,Vert,Actions,People Jeunes
Femme,Adulte,Vert,Horreur,People Anciens
Femme,Adulte,Rouge,Actions,People Jeunes
Homme,Adulte,Bleu,Actions,People Anciens
Femme,Jeune,Violet,Actions,Inconnus
Femme,Adulte,Noir,Actions,People Anciens
Homme,Senior,Bleu,Dessins Animes,People Anciens
Femme,Senior,Rouge,Classiques Ancien,People Anciens
Homme,Adulte,Bleu,Horreur,People Jeunes
Femme,Adulte,Bleu,Actions,People Jeunes
Homme,Adulte,Bleu,Dessins Animes,People Anciens
Homme,Jeune,Rouge,Actions,People Anciens
Homme,Senior,Bleu,Actions,People Anciens
Homme,Adulte,Rouge,Actions,People Anciens
Homme,Senior,Bleu,Actions,People Jeunes
Homme,Adulte,Vert,Classiques Ancien,People Jeunes
Femme,Adulte,Bleu,Horreur,People Anciens
Homme,Jeune,Vert,Dessins Animes,Inconnus
Femme,Senior,Noir,Horreur,People Anciens
Homme,Adulte,Violet,Dessins Animes,People Anciens
Femme,Senior,Rouge,Actions,People Anciens
Femme,Adulte,Violet,Dessins Animes,People Jeunes
Homme,Adulte,Bleu,Actions,People Jeunes
Femme,Senior,Noir,Classiques Ancien,People Anciens
Femme,Jeune,Vert,Horreur,People Jeunes
Femme,Senior,Bleu,Actions,People Anciens
Homme,Jeune,Bleu,Actions,People Jeunes
Femme,Senior,Violet,Actions,People Jeunes
Homme,Senior,Bleu,Classiques Ancien,People Anciens
Homme,Senior,Rouge,Classiques Ancien,People Anciens
Femme,Senior,Bleu,Classiques Ancien,People Jeunes
Femme,Jeune,Vert,Actions,People Jeunes
Femme,Adulte,Violet,Classiques Ancien,People Anciens
Femme,Adulte,Bleu,Actions,People Anciens
Femme,Senior,Vert,Classiques Ancien,People Anciens
Homme,Adulte,Vert,Actions,People Anciens
Homme,Adulte,Bleu,Actions,People Jeunes
Femme,Senior,Vert,Dessins Animes,People Anciens
Homme,Jeune,Bleu,Dessins Animes,People Jeunes
Femme,Senior,Vert,Actions,People Anciens
Femme,Adulte,Bleu,Dessins Animes,People Jeunes
Homme,Adulte,Bleu,Actions,People Anciens
Homme,Adulte,Vert,Dessins Animes,People Jeunes
Femme,Adulte,Bleu,Actions,People Jeunes
Homme,Jeune,Vert,Actions,People Jeunes
Homme,Adulte,Bleu,Classiques Ancien,People Anciens
Homme,Adulte,Violet,Classiques Ancien,People Anciens
Femme,Adulte,Violet,Dessins Animes,People Anciens
Femme,Adulte,Bleu,Actions,People Jeunes
Homme,Senior,Vert,Classiques Ancien,People Anciens
Homme,Senior,Vert,Actions,People Anciens
Femme,Adulte,Rouge,Classiques Ancien,People Anciens
Femme,Adulte,Rouge,Dessins Animes,People Jeunes
Homme,Adulte,Bleu,Actions,People Jeunes
Femme,Senior,Vert,Actions,People Jeunes
Femme,Jeune,Noir,Actions,People Jeunes
Femme,Senior,Violet,Classiques Ancien,People Anciens
Femme,Senior,Bleu,Classiques Ancien,People Anciens
Homme,Adulte,Vert,Actions,People Jeunes
Femme,Senior,Vert,Classiques Ancien,People Jeunes
Femme,Adulte,Bleu,Actions,People Anciens
Homme,Senior,Bleu,Classiques Ancien,People Anciens
Femme,Adulte,Bleu,Classiques Ancien,People Jeunes
Homme,Adulte,Bleu,Dessins Animes,People Jeunes
Femme,Jeune,Vert,Actions,People Jeunes
Femme,Adulte,Bleu,Actions,People Jeunes
Homme,Adulte,Vert,Actions,People Anciens
Femme,Adulte,Vert,Horreur,People Anciens
Homme,Senior,Vert,Classiques Ancien,People Anciens
Femme,Adulte,Violet,Actions,People Jeunes
Homme,Senior,Violet,Classiques Ancien,People Anciens
Femme,Senior,Bleu,Actions,People Anciens
Femme,Senior,Vert,Actions,People Anciens
Homme,Adulte,Vert,Actions,People Anciens
Femme,Adulte,Violet,Dessins Animes,People Anciens
Femme,Senior,Bleu,Actions,People Anciens
Femme,Adulte,Bleu,Actions,People Anciens
Homme,Adulte,Vert,Dessins Animes,People Anciens
Homme,Adulte,Rouge,Classiques Ancien,People Anciens
Femme,Senior,Vert,Actions,People Anciens
Femme,Jeune,Bleu,Dessins Animes,People Jeunes
Femme,Senior,Rouge,Dessins Animes,People Anciens
Femme,Adulte,Bleu,Horreur,People Anciens
Homme,Senior,Vert,Classiques Ancien,People Jeunes
Homme,Senior,Bleu,Classiques Ancien,People Jeunes
Homme,Adulte,Vert,Classiques Ancien,People Jeunes
Femme,Senior,Vert,Actions,People Anciens
Femme,Senior,Vert,Classiques Ancien,People Anciens
Femme,Adulte,Violet,Classiques Ancien,People Anciens
Homme,Senior,Bleu,Classiques Ancien,People Anciens
Homme,Senior,Bleu,Classiques Ancien,People Anciens
Femme,Jeune,Violet,Actions,People Jeunes
Homme,Senior,Bleu,Classiques Ancien,People Anciens
Homme,Senior,Bleu,Navets,People Jeunes
Femme,Adulte,Violet,Actions,People Anciens
Femme,Adulte,Noir,Classiques Ancien,People Anciens
Homme,Jeune,Bleu,Actions,People Jeunes
Homme,Senior,Bleu,Classiques Ancien,People Anciens
Homme,Senior,Bleu,Dessins Animes,People Anciens
Homme,Senior,Rouge,Classiques Ancien,Inconnus
Homme,Senior,Noir,Actions,People Jeunes
Homme,Senior,Vert,Actions,People Anciens
Femme,Adulte,Violet,Classiques Ancien,People Anciens
Femme,Senior,Rouge,Classiques Ancien,People Anciens
Homme,Senior,Bleu,Actions,People Anciens
Femme,Jeune,Vert,Actions,People Jeunes
Femme,Senior,Vert,Classiques Ancien,People Jeunes
Homme,Adulte,Bleu,Actions,People Anciens
Homme,Adulte,Bleu,Actions,People Anciens
Homme,Adulte,Vert,Classiques Ancien,People Anciens
Homme,Adulte,Bleu,Horreur,People Jeunes
Femme,Jeune,Violet,Navets,People Jeunes
Femme,Adulte,Violet,Actions,People Jeunes
Femme,Senior,Violet,Classiques Ancien,People Jeunes
Homme,Adulte,Vert,Actions,People Jeunes
Homme,Senior,Rouge,Classiques Ancien,People Jeunes
Femme,Senior,Rouge,Classiques Ancien,People Jeunes
Homme,Adulte,Violet,Classiques Ancien,People Anciens
Femme,Senior,Violet,Actions,People Anciens
Homme,Adulte,Bleu,Actions,People Anciens
Homme,Senior,Bleu,Classiques Ancien,People Anciens
Homme,Adulte,Violet,Dessins Animes,People Anciens
Homme,Senior,Violet,Actions,People Anciens
Homme,Senior,Rouge,Classiques Ancien,People Jeunes
Homme,Senior,Bleu,Actions,People Anciens
Femme,Senior,Bleu,Classiques Ancien,Inconnus
Homme,Senior,Vert,Classiques Ancien,People Anciens
Femme,Adulte,Violet,Actions,People Jeunes
Femme,Senior,Rouge,Classiques Ancien,People Anciens
Femme,Senior,Vert,Classiques Ancien,People Jeunes
Homme,Adulte,Vert,Actions,People Anciens
Homme,Adulte,Violet,Actions,People Anciens
Homme,Senior,Bleu,Classiques Ancien,People Anciens
Femme,Adulte,Violet,Dessins Animes,People Jeunes
Femme,Adulte,Rouge,Classiques Ancien,People Anciens
Femme,Adulte,Bleu,Actions,People Jeunes
Femme,Adulte,Bleu,Actions,People Jeunes
Femme,Adulte,Violet,Actions,People Anciens
Homme,Adulte,Bleu,Classiques Ancien,People Jeunes
Homme,Senior,Bleu,Classiques Ancien,People Anciens
Homme,Adulte,Violet,Classiques Ancien,People Jeunes
Homme,Adulte,Bleu,Actions,People Anciens
Homme,Adulte,Violet,Horreur,People Anciens
Homme,Adulte,Violet,Dessins Animes,People Jeunes
Homme,Adulte,Rouge,Dessins Animes,People Anciens
Femme,Senior,Rouge,Classiques Ancien,People Jeunes
Femme,Jeune,Rouge,Actions,People Jeunes
Homme,Adulte,Bleu,Horreur,People Anciens
Homme,Adulte,Violet,Classiques Ancien,People Jeunes
Homme,Jeune,Bleu,Horreur,People Anciens
Homme,Adulte,Bleu,Horreur,People Jeunes
Homme,Adulte,Vert,Dessins Animes,People Anciens
Femme,Adulte,Noir,Horreur,People Jeunes
Homme,Adulte,Bleu,Actions,People Anciens
Femme,Jeune,Bleu,Dessins Animes,People Jeunes
Homme,Adulte,Noir,Actions,People Jeunes
Femme,Adulte,Bleu,Classiques Ancien,People Jeunes
Homme,Jeune,Bleu,Horreur,People Anciens
Femme,Adulte,Violet,Actions,People Jeunes
Femme,Jeune,Vert,Actions,People Jeunes
Femme,Senior,Vert,Classiques Ancien,People Anciens
Homme,Senior,Vert,Classiques Ancien,People Anciens
Homme,Adulte,Bleu,Actions,People Jeunes
Homme,Senior,Violet,Classiques Ancien,People Anciens
Femme,Senior,Bleu,Classiques Ancien,People Anciens
Femme,Adulte,Noir,Classiques Ancien,People Jeunes
Femme,Adulte,Noir,Horreur,People Anciens
Femme,Senior,Vert,Classiques Ancien,People Anciens
Femme,Adulte,Rouge,Actions,People Jeunes
Homme,Jeune,Rouge,Navets,Inconnus
Femme,Adulte,Violet,Classiques Ancien,People Anciens
Homme,Adulte,Bleu,Classiques Ancien,People Jeunes
Homme,Senior,Bleu,Classiques Ancien,People Anciens
Femme,Adulte,Violet,Classiques Ancien,People Anciens
Femme,Senior,Violet,Classiques Ancien,People Anciens
Femme,Adulte,Vert,Actions,People Jeunes
Femme,Senior,Bleu,Dessins Animes,People Jeunes
Homme,Adulte,Bleu,Actions,People Jeunes
Femme,Senior,Bleu,Navets,People Jeunes
Homme,Adulte,Rouge,Dessins Animes,People Jeunes
Homme,Jeune,Rouge,Actions,People Jeunes
Femme,Jeune,Vert,Actions,People Anciens
Homme,Adulte,Bleu,Actions,People Jeunes
Homme,Adulte,Bleu,Actions,People Anciens
Femme,Senior,Bleu,Actions,People Anciens
Homme,Senior,Bleu,Actions,People Anciens
Homme,Senior,Vert,Classiques Ancien,People Anciens
Homme,Jeune,Violet,Actions,People Jeunes
Homme,Adulte,Bleu,Actions,People Anciens
Homme,Adulte,Rouge,Classiques Ancien,People Anciens
Homme,Adulte,Violet,Classiques Ancien,People Anciens
Homme,Adulte,Bleu,Dessins Animes,People Anciens
Homme,Senior,Violet,Classiques Ancien,People Anciens
Homme,Adulte,Bleu,Actions,People Anciens
Femme,Adulte,Vert,Dessins Animes,People Anciens
Femme,Adulte,Violet,Actions,People Anciens
Homme,Senior,Violet,Actions,People Anciens
Homme,Adulte,Vert,Actions,People Anciens
Homme,Senior,Rouge,Actions,People Anciens
Femme,Adulte,Violet,Actions,People Jeunes
Femme,Adulte,Violet,Dessins Animes,People Anciens
Homme,Adulte,Vert,Actions,People Anciens
Femme,Adulte,Violet,Classiques Ancien,People Anciens
Homme,Jeune,Bleu,Classiques Ancien,People Jeunes
Homme,Adulte,Violet,Classiques Ancien,People Jeunes
Homme,Senior,Violet,Actions,People Jeunes
Homme,Senior,Vert,Actions,People Anciens
Femme,Adulte,Vert,Dessins Animes,People Anciens
Homme,Senior,Noir,Actions,People Jeunes
Homme,Adulte,Bleu,Actions,People Jeunes
Femme,Adulte,Vert,Actions,People Anciens
Femme,Senior,Bleu,Classiques Ancien,People Anciens
Homme,Senior,Vert,Actions,People Anciens
Femme,Jeune,Vert,Dessins Animes,People Jeunes
Homme,Senior,Vert,Classiques Ancien,People Anciens
Femme,Senior,Violet,Dessins Animes,People Jeunes
Homme,Senior,Vert,Actions,People Anciens
Femme,Adulte,Vert,Classiques Ancien,People Jeunes
Femme,Adulte,Noir,Horreur,People Jeunes
Femme,Adulte,Bleu,Actions,People Jeunes
Homme,Senior,Vert,Actions,People Anciens
Femme,Senior,Bleu,Actions,People Anciens
Homme,Senior,Noir,Actions,People Jeunes
Homme,Adulte,Violet,Actions,People Anciens
Femme,Senior,Vert,Classiques Ancien,People Anciens
Femme,Adulte,Bleu,Classiques Ancien,People Anciens
Femme,Senior,Rouge,Actions,Inconnus
Homme,Adulte,Vert,Classiques Ancien,People Jeunes
Homme,Senior,Bleu,Classiques Ancien,People Anciens
Femme,Adulte,Rouge,Classiques Ancien,People Jeunes
Femme,Jeune,Bleu,Dessins Animes,People Jeunes
Femme,Adulte,Rouge,Actions,People Jeunes
Femme,Senior,Rouge,Actions,People Anciens
Femme,Adulte,Rouge,Actions,People Anciens
Homme,Senior,Noir,Classiques Ancien,People Anciens
Homme,Adulte,Bleu,Actions,People Jeunes
Homme,Senior,Rouge,Classiques Ancien,People Anciens
Femme,Adulte,Vert,Dessins Animes,People Jeunes
Femme,Adulte,Bleu,Actions,People Anciens
Femme,Adulte,Noir,Actions,People Anciens
Femme,Adulte,Bleu,Actions,People Jeunes
Homme,Adulte,Violet,Classiques Ancien,People Jeunes
Homme,Senior,Bleu,Actions,People Anciens
Homme,Senior,Bleu,Dessins Animes,People Anciens
Homme,Senior,Violet,Classiques Ancien,People Anciens
Femme,Senior,Bleu,Classiques Ancien,People Anciens
Femme,Senior,Violet,Actions,People Jeunes
Femme,Adulte,Violet,Actions,People Jeunes
Homme,Adulte,Vert,Horreur,People Jeunes
Femme,Senior,Bleu,Classiques Ancien,People Jeunes
Homme,Adulte,Bleu,Classiques Ancien,People Jeunes
Homme,Adulte,Violet,Actions,People Anciens
Homme,Adulte,Bleu,Actions,People Anciens
Homme,Senior,Bleu,Classiques Ancien,People Anciens
Femme,Adulte,Vert,Dessins Animes,People Anciens
Femme,Senior,Rouge,Actions,People Jeunes
Femme,Adulte,Rouge,Classiques Ancien,People Anciens
Femme,Jeune,Violet,Dessins Animes,Inconnus
Homme,Adulte,Rouge,Actions,People Anciens
Femme,Adulte,Noir,Dessins Animes,People Anciens
Femme,Adulte,Bleu,Dessins Animes,People Jeunes
Femme,Senior,Violet,Actions,People Anciens
Femme,Adulte,Vert,Actions,People Jeunes
Homme,Senior,Violet,Classiques Ancien,Inconnus
Femme,Senior,Violet,Classiques Ancien,People Anciens
Femme,Senior,Rouge,Actions,People Anciens
Femme,Adulte,Bleu,Dessins Animes,People Jeunes
Femme,Senior,Violet,Actions,People Anciens
Homme,Adulte,Violet,Dessins Animes,People Jeunes
Femme,Senior,Rouge,Classiques Ancien,People Jeunes
Femme,Senior,Bleu,Horreur,People Anciens
Femme,Adulte,Bleu,Dessins Animes,People Jeunes
Femme,Jeune,Rouge,Actions,People Anciens
Femme,Jeune,Vert,Horreur,People Anciens
Homme,Adulte,Bleu,Actions,People Anciens
Femme,Senior,Bleu,Classiques Ancien,People Anciens
Femme,Adulte,Bleu,Classiques Ancien,People Jeunes
Homme,Senior,Bleu,Classiques Ancien,People Anciens
Femme,Adulte,Rouge,Classiques Ancien,People Anciens
Homme,Adulte,Bleu,Actions,People Jeunes
Femme,Adulte,Violet,Actions,People Anciens
Homme,Adulte,Violet,Horreur,People Jeunes
Homme,Adulte,Bleu,Classiques Ancien,People Anciens
Homme,Adulte,Rouge,Dessins Animes,People Jeunes
Homme,Adulte,Bleu,Horreur,People Anciens
Femme,Adulte,Rouge,Dessins Animes,People Jeunes
Femme,Senior,Violet,Dessins Animes,People Anciens
Homme,Adulte,Noir,Actions,People Anciens
Homme,Senior,Bleu,Classiques Ancien,People Anciens
Homme,Adulte,Vert,Actions,People Jeunes
Homme,Senior,Bleu,Classiques Ancien,People Anciens
Femme,Adulte,Bleu,Actions,People Jeunes
Femme,Adulte,Violet,Actions,People Jeunes
Femme,Senior,Violet,Actions,People Anciens
Homme,Senior,Violet,Classiques Ancien,People Jeunes
Femme,Adulte,Bleu,Dessins Animes,People Anciens
Femme,Adulte,Violet,Actions,People Anciens
Homme,Adulte,Bleu,Dessins Animes,People Jeunes
Homme,Senior,Vert,Classiques Ancien,People Anciens
Femme,Adulte,Rouge,Actions,People Jeunes
Homme,Adulte,Bleu,Classiques Ancien,People Anciens
Femme,Senior,Bleu,Classiques Ancien,People Anciens
Homme,Senior,Bleu,Actions,People Anciens
Homme,Adulte,Bleu,Dessins Animes,People Anciens
Femme,Adulte,Bleu,Dessins Animes,People Anciens
Femme,Adulte,Rouge,Actions,People Anciens
Homme,Adulte,Vert,Horreur,People Jeunes
Homme,Adulte,Vert,Actions,People Anciens
Femme,Senior,Bleu,Actions,People Anciens
Homme,Senior,Bleu,Classiques Ancien,People Anciens
Femme,Jeune,Vert,Actions,People Jeunes
Homme,Adulte,Bleu,Classiques Ancien,People Jeunes
Homme,Senior,Bleu,Classiques Ancien,People Anciens
Homme,Adulte,Vert,Classiques Ancien,People Jeunes
Femme,Adulte,Bleu,Classiques Ancien,People Anciens
Homme,Senior,Vert,Classiques Ancien,People Jeunes
Femme,Jeune,Violet,Classiques Ancien,People Jeunes
Homme,Adulte,Violet,Dessins Animes,People Jeunes
Femme,Adulte,Rouge,Classiques Ancien,People Anciens
Femme,Adulte,Bleu,Actions,People Jeunes
Femme,Jeune,Noir,Classiques Ancien,People Jeunes
Homme,Senior,Bleu,Classiques Ancien,People Jeunes
Femme,Senior,Rouge,Actions,People Jeunes
Femme,Jeune,Violet,Actions,People Anciens
Femme,Jeune,Vert,Actions,People Anciens
Homme,Adulte,Bleu,Dessins Animes,People Anciens
Femme,Senior,Noir,Classiques Ancien,People Anciens
Femme,Jeune,Violet,Dessins Animes,People Jeunes
Homme,Senior,Vert,Classiques Ancien,People Anciens
Homme,Adulte,Vert,Actions,People Anciens
Femme,Adulte,Bleu,Actions,People Jeunes
Homme,Senior,Vert,Classiques Ancien,People Jeunes
Femme,Senior,Rouge,Actions,People Jeunes
Homme,Senior,Noir,Classiques Ancien,People Jeunes
Homme,Senior,Bleu,Actions,Inconnus
Femme,Senior,Violet,Dessins Animes,People Anciens
Femme,Jeune,Bleu,Classiques Ancien,People Anciens
Homme,Senior,Bleu,Navets,People Anciens
Homme,Senior,Bleu,Actions,Inconnus
Homme,Adulte,Bleu,Actions,People Jeunes
Homme,Senior,Bleu,Classiques Ancien,People Jeunes
Femme,Adulte,Noir,Actions,People Jeunes
Femme,Jeune,Violet,Actions,People Jeunes
Femme,Senior,Vert,Classiques Ancien,People Anciens
Homme,Adulte,Noir,Classiques Ancien,People Anciens
Homme,Adulte,Violet,Actions,People Anciens
Femme,Adulte,Bleu,Classiques Ancien,People Anciens
Femme,Senior,Vert,Actions,People Anciens
Femme,Adulte,Violet,Actions,People Jeunes
Homme,Senior,Bleu,Actions,People Anciens
Homme,Adulte,Violet,Dessins Animes,People Jeunes
Homme,Senior,Rouge,Navets,People Anciens
Femme,Senior,Violet,Actions,People Anciens
Femme,Adulte,Violet,Actions,People Jeunes
Homme,Adulte,Violet,Actions,People Jeunes
Homme,Adulte,Bleu,Classiques Ancien,People Jeunes
Homme,Adulte,Rouge,Dessins Animes,People Anciens
Femme,Senior,Bleu,Actions,People Jeunes
Homme,Jeune,Vert,Dessins Animes,People Anciens
Homme,Senior,Vert,Classiques Ancien,People Anciens
Homme,Adulte,Bleu,Classiques Ancien,People Jeunes
Homme,Senior,Noir,Dessins Animes,People Jeunes
Femme,Jeune,Violet,Classiques Ancien,People Jeunes
Homme,Senior,Violet,Actions,People Anciens
Homme,Adulte,Bleu,Classiques Ancien,People Anciens
Homme,Senior,Bleu,Classiques Ancien,People Jeunes
Homme,Adulte,Violet,Actions,People Anciens
Femme,Adulte,Violet,Dessins Animes,People Jeunes
Homme,Senior,Rouge,Classiques Ancien,People Anciens
Femme,Adulte,Bleu,Actions,People Anciens
Homme,Senior,Vert,Actions,People Jeunes
Femme,Senior,Vert,Classiques Ancien,People Anciens
Homme,Adulte,Bleu,Actions,People Anciens
Homme,Adulte,Bleu,Dessins Animes,People Anciens
Homme,Jeune,Violet,Actions,People Anciens
Homme,Adulte,Rouge,Dessins Animes,People Anciens
Homme,Adulte,Noir,Classiques Ancien,People Anciens
Homme,Senior,Bleu,Actions,People Anciens
Femme,Senior,Rouge,Classiques Ancien,People Anciens
Homme,Jeune,Bleu,Dessins Animes,People Jeunes
Homme,Jeune,Vert,Actions,People Jeunes
Femme,Adulte,Rouge,Dessins Animes,People Anciens
Femme,Senior,Vert,Classiques Ancien,People Jeunes
Homme,Senior,Bleu,Actions,People Anciens
Femme,Adulte,Violet,Actions,People Jeunes
Femme,Senior,Bleu,Actions,People Anciens
Homme,Adulte,Vert,Classiques Ancien,People Jeunes
Femme,Senior,Vert,Classiques Ancien,People Anciens
Homme,Adulte,Violet,Horreur,People Jeunes
Femme,Senior,Vert,Classiques Ancien,People Anciens
Homme,Adulte,Bleu,Actions,People Anciens
Homme,Adulte,Violet,Actions,People Anciens
Femme,Adulte,Rouge,Classiques Ancien,People Jeunes
Homme,Senior,Violet,Classiques Ancien,People Anciens
Femme,Senior,Violet,Classiques Ancien,People Jeunes
Femme,Jeune,Rouge,Dessins Animes,People Jeunes
Homme,Senior,Bleu,Actions,People Jeunes
Homme,Adulte,Violet,Actions,People Jeunes
Femme,Adulte,Rouge,Horreur,People Jeunes
Femme,Adulte,Noir,Actions,People Jeunes
Homme,Adulte,Vert,Actions,People Anciens
Femme,Senior,Vert,Classiques Ancien,People Anciens
Femme,Jeune,Bleu,Actions,People Jeunes
Femme,Senior,Violet,Classiques Ancien,People Anciens
Homme,Adulte,Bleu,Dessins Animes,People Jeunes
Homme,Adulte,Bleu,Classiques Ancien,People Anciens
Femme,Adulte,Violet,Actions,People Jeunes
Femme,Adulte,Violet,Actions,People Anciens
Femme,Senior,Violet,Dessins Animes,People Anciens
Homme,Jeune,Rouge,Actions,People Jeunes
Femme,Adulte,Violet,Horreur,People Jeunes
Femme,Senior,Bleu,Actions,People Anciens
Homme,Adulte,Violet,Actions,People Jeunes
Homme,Adulte,Violet,Actions,People Jeunes
Homme,Adulte,Bleu,Actions,People Jeunes
Homme,Adulte,Bleu,Actions,People Anciens
Homme,Adulte,Vert,Actions,People Jeunes
Femme,Adulte,Violet,Classiques Ancien,People Jeunes
Homme,Senior,Rouge,Actions,People Anciens
Homme,Jeune,Bleu,Actions,People Jeunes
Femme,Adulte,Rouge,Actions,People Jeunes
Femme,Adulte,Rouge,Dessins Animes,People Jeunes
Femme,Senior,Rouge,Dessins Animes,People Anciens
Homme,Jeune,Violet,Actions,People Jeunes
Femme,Adulte,Violet,Actions,People Anciens
Homme,Adulte,Bleu,Dessins Animes,People Jeunes
Homme,Adulte,Bleu,Dessins Animes,People Jeunes
Femme,Adulte,Bleu,Dessins Animes,People Anciens
Homme,Adulte,Bleu,Dessins Animes,People Anciens
Femme,Adulte,Bleu,Dessins Animes,People Anciens
Homme,Jeune,Violet,Dessins Animes,People Anciens
Homme,Senior,Noir,Actions,People Anciens
Femme,Jeune,Violet,Actions,People Jeunes
Femme,Adulte,Bleu,Classiques Ancien,People Anciens
Femme,Adulte,Violet,Classiques Ancien,People Anciens
Femme,Senior,Bleu,Actions,People Jeunes
Femme,Adulte,Violet,Actions,People Anciens
Homme,Adulte,Bleu,Actions,People Jeunes
Homme,Adulte,Violet,Actions,People Jeunes
Homme,Adulte,Bleu,Classiques Ancien,People Jeunes
Homme,Adulte,Bleu,Actions,People Jeunes
Femme,Adulte,Vert,Dessins Animes,People Jeunes
Femme,Senior,Vert,Actions,People Anciens
Homme,Adulte,Vert,Actions,People Anciens
Homme,Jeune,Bleu,Actions,People Anciens
Homme,Jeune,Bleu,Dessins Animes,People Jeunes
Femme,Senior,Vert,Classiques Ancien,People Jeunes
Femme,Adulte,Rouge,Classiques Ancien,People Anciens
Homme,Adulte,Bleu,Actions,People Anciens
Homme,Senior,Vert,Classiques Ancien,People Jeunes
Homme,Adulte,Bleu,Classiques Ancien,People Anciens
Homme,Senior,Bleu,Classiques Ancien,People Jeunes
Femme,Senior,Bleu,Actions,People Anciens
Femme,Adulte,Vert,Dessins Animes,People Jeunes
Femme,Adulte,Rouge,Actions,People Jeunes
Femme,Senior,Bleu,Classiques Ancien,People Anciens
Femme,Adulte,Bleu,Actions,People Anciens
Homme,Senior,Bleu,Actions,People Anciens
Femme,Senior,Vert,Classiques Ancien,People Jeunes
Femme,Senior,Rouge,Classiques Ancien,People Anciens
Femme,Senior,Bleu,Actions,People Anciens
Homme,Jeune,Bleu,Dessins Animes,People Jeunes
Homme,Adulte,Bleu,Actions,People Jeunes
Femme,Jeune,Vert,Horreur,People Jeunes
Homme,Adulte,Bleu,Classiques Ancien,People Jeunes
Femme,Adulte,Vert,Actions,People Jeunes
Homme,Senior,Bleu,Actions,People Jeunes
Femme,Senior,Rouge,Classiques Ancien,People Jeunes
